title,title link,price,review
프로젝트 헤일메리,https://www.aladin.co.kr/shop/wproduct.aspx?ItemId=270454373,"19,800원",9.3
괴테는 모든 것을 말했다,https://www.aladin.co.kr/shop/wproduct.aspx?ItemId=376765918,"15,300원",8.0
인생을 위한 최소한의 생각,https://www.aladin.co.kr/shop/wproduct.aspx?ItemId=385481121,"17,820원",9.9
엄마와 딸들의 미친년의 역사,https://www.aladin.co.kr/shop/wproduct.aspx?ItemId=388054879,"16,020원",10.0
완벽한 원시인,https://www.aladin.co.kr/shop/wproduct.aspx?ItemId=386947012,"19,800원",9.6
부처님 말씀대로 살아보니,https://www.aladin.co.kr/shop/wproduct.aspx?ItemId=385370551,"17,010원",9.7
무례한 세상에서 나를 지키는 법,https://www.aladin.co.kr/shop/wproduct.aspx?ItemId=388169547,"17,820원",10.0
죽은 왕녀를 위한 파반느 (양장 특별판),https://www.aladin.co.kr/shop/wproduct.aspx?ItemId=377942402,"18,000원",8.7
마션,https://www.aladin.co.kr/shop/wproduct.aspx?ItemId=270454339,"17,820원",9.7
모순,https://www.aladin.co.kr/shop/wproduct.aspx?ItemId=25843736,"11,700원",9.1
아르테미스,https://www.aladin.co.kr/shop/wproduct.aspx?ItemId=270454242,"17,820원",8.3
사랑이 있으니 살아집디다,https://www.aladin.co.kr/shop/wproduct.aspx?ItemId=388509769,"16,200원",6.9
3월의 벽력 1,https://www.aladin.co.kr/shop/wproduct.aspx?ItemId=388137331,"5,400원",10.0
내 가게에 부모님을 고용했습니다,https://www.aladin.co.kr/shop/wproduct.aspx?ItemId=386616340,"17,100원",10.0
싯다르타,https://www.aladin.co.kr/shop/wproduct.aspx?ItemId=329596,"7,200원",9.0
안녕이라 그랬어,https://www.aladin.co.kr/shop/wproduct.aspx?ItemId=365665217,"15,120원",9.6
박곰희 연금 부자 수업,https://www.aladin.co.kr/shop/wproduct.aspx?ItemId=366615290,"18,900원",9.3
스파이 패밀리 16,https://www.aladin.co.kr/shop/wproduct.aspx?ItemId=388016420,"5,400원",9.3
혼모노,https://www.aladin.co.kr/shop/wproduct.aspx?ItemId=361016676,"16,200원",8.4
자몽살구클럽,https://www.aladin.co.kr/shop/wproduct.aspx?ItemId=368083714,"10,800원",7.3
ETS 토익 정기시험 기출문제집 1000 Vol. 5 Reading (리딩),https://www.aladin.co.kr/shop/wproduct.aspx?ItemId=380347281,"19,800원",10.0
소설 보다 : 봄 2026,https://www.aladin.co.kr/shop/wproduct.aspx?ItemId=387712899,"4,950원",8.7
박태웅의 AI 강의 2026,https://www.aladin.co.kr/shop/wproduct.aspx?ItemId=388083105,"20,700원",8.9
살찌지 않는 몸,https://www.aladin.co.kr/shop/wproduct.aspx?ItemId=387584786,"17,820원",10.0
코스피 1만 넥스트 레벨,https://www.aladin.co.kr/shop/wproduct.aspx?ItemId=385807557,"19,800원",9.8
다있소 과학 1,https://www.aladin.co.kr/shop/wproduct.aspx?ItemId=387305167,"13,050원",9.9
살면서 한번은 벽돌책,https://www.aladin.co.kr/shop/wproduct.aspx?ItemId=387582381,"17,550원",8.0
ETS 토익 정기시험 기출문제집 1000 Vol. 5 Listening (리스닝),https://www.aladin.co.kr/shop/wproduct.aspx?ItemId=380347074,"19,800원",10.0
세종의 나라 1 (양장),https://www.aladin.co.kr/shop/wproduct.aspx?ItemId=386006778,"19,800원",9.4
김재우의 기본 동사 100,https://www.aladin.co.kr/shop/wproduct.aspx?ItemId=379688982,"19,800원",8.9
세종의 나라 2 (양장),https://www.aladin.co.kr/shop/wproduct.aspx?ItemId=386006888,"19,800원",8.0
수영장에 토성이 떨어졌다고?,https://www.aladin.co.kr/shop/wproduct.aspx?ItemId=386565484,"15,120원",9.8
돈의 방정식,https://www.aladin.co.kr/shop/wproduct.aspx?ItemId=383256009,"25,200원",9.0
인생 마지막에 쓰는 주식투자 교과서,https://www.aladin.co.kr/shop/wproduct.aspx?ItemId=387524345,"22,500원",8.4
예루살렘의 아이히만 (알라딘 리커버 특별판),https://www.aladin.co.kr/shop/wproduct.aspx?ItemId=388034046,"27,000원",7.6
정답은 있다,https://www.aladin.co.kr/shop/wproduct.aspx?ItemId=386454735,"16,200원",9.3
캔들차트 하나로 끝내는 추세추종 투자,https://www.aladin.co.kr/shop/wproduct.aspx?ItemId=383430724,"22,500원",8.5
매일 아침 나는 텃밭에 간다,https://www.aladin.co.kr/shop/wproduct.aspx?ItemId=388028283,"16,650원",10.0
엄마가 유령이 되었어!,https://www.aladin.co.kr/shop/wproduct.aspx?ItemId=83509745,"10,800원",9.1
일본 광고 카피 도감,https://www.aladin.co.kr/shop/wproduct.aspx?ItemId=383843383,"16,920원",9.5
쥬디 할머니,https://www.aladin.co.kr/shop/wproduct.aspx?ItemId=383333321,"16,650원",10.0
나의 완벽한 장례식,https://www.aladin.co.kr/shop/wproduct.aspx?ItemId=383575374,"17,100원",9.6
최소한의 삼국지,https://www.aladin.co.kr/shop/wproduct.aspx?ItemId=377732124,"17,550원",9.7
자본주의 시대에서 살아남기 위한 최소한의 경제 공부,https://www.aladin.co.kr/shop/wproduct.aspx?ItemId=379077056,"25,200원",9.4
해커스 토익 기출 VOCA (보카),https://www.aladin.co.kr/shop/wproduct.aspx?ItemId=176021392,"11,610원",9.2
단다단 20,https://www.aladin.co.kr/shop/wproduct.aspx?ItemId=388496310,"5,400원",10.0
진보를 위한 주식투자,https://www.aladin.co.kr/shop/wproduct.aspx?ItemId=379685661,"19,800원",7.4
급류,https://www.aladin.co.kr/shop/wproduct.aspx?ItemId=307692409,"12,600원",6.6
긴긴밤,https://www.aladin.co.kr/shop/wproduct.aspx?ItemId=263027170,"11,250원",9.6
"사랑을 담아, 제인 오스틴",https://www.aladin.co.kr/shop/wproduct.aspx?ItemId=385168102,"18,900원",9.8
코스모스,https://www.aladin.co.kr/shop/wproduct.aspx?ItemId=870950,"19,800원",9.4
생각의 도약,https://www.aladin.co.kr/shop/wproduct.aspx?ItemId=356276093,"16,200원",9.1
500가지 건축으로 읽는 세계사,https://www.aladin.co.kr/shop/wproduct.aspx?ItemId=387893976,"22,500원",10.0
백귀야행 31,https://www.aladin.co.kr/shop/wproduct.aspx?ItemId=387062834,"7,200원",9.8
"소유하기, 소유되기",https://www.aladin.co.kr/shop/wproduct.aspx?ItemId=386946432,"19,800원",9.6
2026 해커스 GSAT 삼성직무적성검사 통합 기본서 최신기출유형 + 실전모의고사 (수리/추리),https://www.aladin.co.kr/shop/wproduct.aspx?ItemId=382428618,"21,600원",10.0
만화의 원리,https://www.aladin.co.kr/shop/wproduct.aspx?ItemId=385946226,"21,600원",9.0
위버멘쉬,https://www.aladin.co.kr/shop/wproduct.aspx?ItemId=359025448,"16,020원",9.0
집중력 죽이기,https://www.aladin.co.kr/shop/wproduct.aspx?ItemId=387886783,"17,100원",9.0
시간관리국,https://www.aladin.co.kr/shop/wproduct.aspx?ItemId=387271734,"17,820원",10.0
카프네,https://www.aladin.co.kr/shop/wproduct.aspx?ItemId=388044595,"16,200원",10.0
소년이 온다,https://www.aladin.co.kr/shop/wproduct.aspx?ItemId=40869703,"13,500원",9.6
햄릿 (먼슬리 클래식),https://www.aladin.co.kr/shop/wproduct.aspx?ItemId=387932122,"9,900원",8.9
숨은민국,https://www.aladin.co.kr/shop/wproduct.aspx?ItemId=384072170,"18,000원",9.6
GACHIAKUTA 16,https://www.aladin.co.kr/shop/wproduct.aspx?ItemId=387708173,"5,400원",10.0
우리가 사랑한 도시,https://www.aladin.co.kr/shop/wproduct.aspx?ItemId=388084734,"15,750원",8.7
내 이름은 빨강 1,https://www.aladin.co.kr/shop/wproduct.aspx?ItemId=214241659,"11,700원",9.8
오해하면 큰일 나는 한자어 천재라면,https://www.aladin.co.kr/shop/wproduct.aspx?ItemId=387523767,"13,950원",10.0
가브리엘의 잉글리시 다이어리,https://www.aladin.co.kr/shop/wproduct.aspx?ItemId=373227355,"24,300원",10.0
어스플러스 1 : 어스플러스 탐험대 플루,https://www.aladin.co.kr/shop/wproduct.aspx?ItemId=361769955,"14,220원",10.0
어린 임금의 눈물,https://www.aladin.co.kr/shop/wproduct.aspx?ItemId=474193,"13,500원",9.7
브람스를 좋아하세요...,https://www.aladin.co.kr/shop/wproduct.aspx?ItemId=2156605,"9,000원",8.9
루이즈 미셸 회고록,https://www.aladin.co.kr/shop/wproduct.aspx?ItemId=385970959,"19,800원",10.0
뇌는 어떻게 나를 조종하는가,https://www.aladin.co.kr/shop/wproduct.aspx?ItemId=382658617,"16,920원",9.2
쓰는 만큼 내가 된다,https://www.aladin.co.kr/shop/wproduct.aspx?ItemId=385928518,"16,200원",9.5
이기적 유전자,https://www.aladin.co.kr/shop/wproduct.aspx?ItemId=170482558,"18,000원",8.3
김재우의 기초 영어회화 100,https://www.aladin.co.kr/shop/wproduct.aspx?ItemId=353238637,"17,010원",9.5
불안,https://www.aladin.co.kr/shop/wproduct.aspx?ItemId=14350678,"16,200원",8.6
더 시스템,https://www.aladin.co.kr/shop/wproduct.aspx?ItemId=330399601,"16,200원",8.9
킬리만자로의 눈,https://www.aladin.co.kr/shop/wproduct.aspx?ItemId=355736229,"12,600원",10.0
슈퍼 뒤에서 담배 피우는 두 사람 7 (특별판),https://www.aladin.co.kr/shop/wproduct.aspx?ItemId=388083631,"18,000원",10.0
일하면서 바로 써먹는 아웃풋×성과 도감,https://www.aladin.co.kr/shop/wproduct.aspx?ItemId=385417366,"15,750원",9.8
월간순정 노자키 군 17,https://www.aladin.co.kr/shop/wproduct.aspx?ItemId=387708305,"5,400원",10.0
이토록 위대한 몸,https://www.aladin.co.kr/shop/wproduct.aspx?ItemId=387058373,"21,600원",10.0
딱 1년만 미쳐라,https://www.aladin.co.kr/shop/wproduct.aspx?ItemId=387529431,"17,820원",10.0
내 심장을 쏴라,https://www.aladin.co.kr/shop/wproduct.aspx?ItemId=385201611,"16,200원",8.9
너를 기다릴 시간에 나를 사랑하기로 했다,https://www.aladin.co.kr/shop/wproduct.aspx?ItemId=386993309,"17,550원",9.9
쉽게 읽고 보는 위대한 실패 도감,https://www.aladin.co.kr/shop/wproduct.aspx?ItemId=385792153,"11,700원",9.7
단종애사,https://www.aladin.co.kr/shop/wproduct.aspx?ItemId=385922960,"15,930원",9.7
미국은 왜 전쟁을 멈추지 못하는가,https://www.aladin.co.kr/shop/wproduct.aspx?ItemId=387052261,"22,500원",9.8
어스플러스 2 : 엘리킹을 찾아라,https://www.aladin.co.kr/shop/wproduct.aspx?ItemId=361770192,"14,220원",10.0
이야기를 들려줘요,https://www.aladin.co.kr/shop/wproduct.aspx?ItemId=383988239,"17,820원",9.6
독끝 코레일 한국철도공사 NCS + 철도법령 모의고사 : 기출유형22선 + 철도법령 암기노트 - 전3권,https://www.aladin.co.kr/shop/wproduct.aspx?ItemId=381055030,"21,600원",9.9
규칙파괴자,https://www.aladin.co.kr/shop/wproduct.aspx?ItemId=383443242,"22,500원",10.0
어른의 행복은 조용하다,https://www.aladin.co.kr/shop/wproduct.aspx?ItemId=350636272,"16,020원",8.8
최소한의 한국사,https://www.aladin.co.kr/shop/wproduct.aspx?ItemId=318885306,"17,820원",9.4
나도 상처 받지 않고 친구도 상처 받지 않는 감정 표현 연습,https://www.aladin.co.kr/shop/wproduct.aspx?ItemId=386057195,"13,500원",10.0
렛뎀 이론,https://www.aladin.co.kr/shop/wproduct.aspx?ItemId=369493586,"18,000원",9.3
사카모토 데이즈 25 (더블 특전판),https://www.aladin.co.kr/shop/wproduct.aspx?ItemId=386057981,"5,850원",9.4
내 이름은 빨강 2,https://www.aladin.co.kr/shop/wproduct.aspx?ItemId=214245188,"11,700원",8.8
흔한남매 21,https://www.aladin.co.kr/shop/wproduct.aspx?ItemId=379389382,"15,120원",10.0
이지패스 2026 ADsP 데이터분석 준전문가 (수험서 앱 제공),https://www.aladin.co.kr/shop/wproduct.aspx?ItemId=379450520,"27,000원",10.0
마음을 읽는 감각,https://www.aladin.co.kr/shop/wproduct.aspx?ItemId=384025573,"17,820원",9.9
정반대의 너와 나 8 (더블특전판),https://www.aladin.co.kr/shop/wproduct.aspx?ItemId=388016385,"5,400원",10.0
금지된 기억 : 문화대혁명 시기의 티베트,https://www.aladin.co.kr/shop/wproduct.aspx?ItemId=385946361,"24,300원",9.6
데미안 (오리지널 초판본 표지디자인),https://www.aladin.co.kr/shop/wproduct.aspx?ItemId=98710881,"2,880원",9.6
이게 되네? 제미나이 완전 미친 활용법 81제,https://www.aladin.co.kr/shop/wproduct.aspx?ItemId=385348854,"21,600원",9.8
돈의 심리학 (50만 부 기념 뉴 에디션),https://www.aladin.co.kr/shop/wproduct.aspx?ItemId=383315006,"22,320원",8.7
"1,000만 원으로 3년 안에 300만 원 월배당 만들기",https://www.aladin.co.kr/shop/wproduct.aspx?ItemId=384577212,"20,700원",9.9
존리의 부자되기 습관,https://www.aladin.co.kr/shop/wproduct.aspx?ItemId=385097509,"18,000원",8.0
정전,https://www.aladin.co.kr/shop/wproduct.aspx?ItemId=387900696,"15,750원",10.0
국가,https://www.aladin.co.kr/shop/wproduct.aspx?ItemId=388327542,"36,100원",10.0
절창,https://www.aladin.co.kr/shop/wproduct.aspx?ItemId=371723601,"16,200원",7.8
나쁜 일이 있어도 나쁜 날은 아니야,https://www.aladin.co.kr/shop/wproduct.aspx?ItemId=384459480,"15,120원",10.0
미라클 모닝 After 50,https://www.aladin.co.kr/shop/wproduct.aspx?ItemId=387059161,"19,800원",9.9
어스플러스 4 : 드러나는 비밀,https://www.aladin.co.kr/shop/wproduct.aspx?ItemId=387310508,"15,120원",10.0
너를 아끼며 살아라,https://www.aladin.co.kr/shop/wproduct.aspx?ItemId=365385430,"16,650원",9.8
쾌적한 사회의 불쾌함,https://www.aladin.co.kr/shop/wproduct.aspx?ItemId=384909081,"18,900원",9.4
킹덤 인사이트,https://www.aladin.co.kr/shop/wproduct.aspx?ItemId=379922640,"13,500원",10.0
필연적 혼자의 시대,https://www.aladin.co.kr/shop/wproduct.aspx?ItemId=384667534,"17,100원",9.6
니체의 초월자,https://www.aladin.co.kr/shop/wproduct.aspx?ItemId=375395519,"15,210원",6.0
빅터 프랭클의 죽음의 수용소에서,https://www.aladin.co.kr/shop/wproduct.aspx?ItemId=382243812,"10,800원",9.0
원피스 113,https://www.aladin.co.kr/shop/wproduct.aspx?ItemId=384420875,"5,850원",9.9
삶을 의미 있게 만들어주는 일상의 철학,https://www.aladin.co.kr/shop/wproduct.aspx?ItemId=332327455,"4,500원",10.0
할매,https://www.aladin.co.kr/shop/wproduct.aspx?ItemId=379665189,"15,120원",9.2
폰더 씨의 위대한 하루,https://www.aladin.co.kr/shop/wproduct.aspx?ItemId=305094157,"16,200원",9.7
데미안,https://www.aladin.co.kr/shop/wproduct.aspx?ItemId=260084,"7,200원",8.8
